ProductID,ProductName,ReviewText,Rating,ReviewDate
LcD-04914,Indeed,Public successful TV scientist economy civil drive.,3,2020-08-18
VhQ-07225,According,Down meet candidate wonder nothing street.,2,2020-08-16
IVu-81150,Mean,Picture he challenge option power guy enough garden.,4,2021-04-12
Ijv-44559,Research,Yes economy process determine training fill arrive white character oil.,1,2023-07-06
cUa-36946,Follow,Someone soon democratic for see rather enjoy production middle employee and main environmental.,1,2022-12-01
XWx-94542,Computer,Smile action per sound very because or people talk.,3,2021-12-29
zKP-26984,Statement,Low green product suddenly chance reduce month bank music I high your.,5,2023-05-13
mCY-69475,Not,Describe pattern rule your left seat.,1,2022-05-30
Mig-89945,Let,Couple phone establish hot relationship industry arm.,2,2022-01-22
IGn-46125,Success,None win against window number personal.,5,2023-06-27
iZv-53661,Size,Face gas reflect now year wife investment couple old great final.,1,2023-02-07
MNF-19011,Senior,Concern white miss participant modern campaign meeting true small I tough rock.,3,2023-02-11
WcZ-73340,Nothing,No apply have kid customer sell war least religious.,4,2022-02-24
ewr-44136,Six,Medical happy author attention grow large moment paper visit begin prepare small.,5,2020-01-02
kRr-87870,Son,Base prepare ever paper speak country.,1,2022-03-14
ZYQ-20509,Reduce,Maintain Congress born beat spring her defense.,4,2020-11-01
KRt-01983,Side,Recent west keep break bank certainly change west read right at doctor.,4,2021-09-25
YLd-29029,Conference,Half certain training those particular law shake pull exist system military base whether.,1,2022-03-26
vSa-75947,Six,Economy ago generation against most art itself real ball it.,5,2020-07-17
ame-71553,Such,Above best require role event personal news rich war someone pull.,4,2023-11-16
tTA-17585,Walk,Building including family trouble executive yeah case what.,2,2022-07-10
Ald-23534,White,Music rock smile book red detail science keep democratic entire meet memory something.,1,2021-06-05
RDM-61520,Nor,Than develop culture thousand many alone guy.,5,2022-07-08
xuF-44103,Nothing,Challenge newspaper believe fear stage thing find actually them.,5,2022-04-05
RRJ-90397,Cost,Difficult answer someone least land food yeah.,5,2021-03-07
WAa-35406,Game,Water nor agree someone shake over general.,1,2020-12-02
zLs-77772,Give,Spend tax sound product sport force already stand everything effect successful sing let film.,4,2020-06-01
CNB-88080,Poor,Management bank successful dog may according social whom.,1,2022-01-27
BoU-93916,Product,American why political read race certainly since.,1,2023-09-11
KCE-27986,Buy,President example box support Republican themselves front body.,3,2020-01-14
Ufn-48126,Baby,Wonder different school tree kid this finally create walk.,4,2020-01-12
PUV-65768,Show,Debate professional training foot several important free loss change fear.,1,2022-08-05
eTq-40564,Act,Type region upon go sometimes play.,3,2021-01-03
BEE-73736,Since,Heart agree director behavior to animal.,1,2022-12-23
UpQ-74914,Raise,World short front source cover community deep man need seem kid bill style.,2,2021-09-08
qnl-43341,Eight,Town arrive quality any occur near west better.,3,2022-03-18
HgF-26862,Give,Sister education seat than forget vote girl beat air term also service.,4,2021-07-31
rJS-95331,Out,Age pick game want team best senior foreign reflect.,2,2023-08-25
GhK-72155,Player,Expect quickly dark return product type.,1,2020-03-16
ZiJ-42027,Brother,Specific perform throw center sea network.,1,2022-11-13
rpH-26013,Entire,Thing money style practice government eye defense.,4,2021-07-23
UrU-88339,Actually,Rock these century weight step whether country southern.,3,2020-01-10
Cdm-81860,Art,Suggest a term loss onto on whose wife benefit movie foot enter.,4,2023-09-03
HRF-21871,Short,Explain identify maybe attorney push let treatment push when argue media.,4,2021-03-29
Lmx-93243,Most,Red win push beat commercial thus ask structure pattern ground.,1,2020-11-01
NEY-78611,Admit,Him pattern too report society century summer have bring.,3,2023-05-07
URT-69378,Fear,Degree impact why moment Democrat open us state.,3,2021-11-13
EMr-56195,Position,Speak carry pressure hard forward song movie form rather prepare way thing community leader.,3,2021-11-21
EPs-46351,With,Measure look rise nation argue pattern chance.,2,2021-03-18
BDd-64715,Join,Prove eye now very worker gas under message part computer bed role sell.,5,2020-09-29
sCc-13576,In,Air area dog attention guy three visit resource hour enter result Democrat.,2,2022-03-14
EFc-01914,Simply,Lawyer trial my southern these hotel east deal leg population.,5,2023-01-30
mdJ-92760,Good,Else how later responsibility with woman another.,1,2023-11-14
clk-42996,Sit,Major church paper professional hit herself mean continue concern far society sign meet.,3,2022-09-08
Pul-38053,Smile,Age let establish close gun staff become such.,2,2020-11-21
gYU-55453,Rock,Loss tend information right writer paper shake something pull series life interesting act.,2,2020-06-13
GXY-41039,Serve,Scene respond rest three often board anything community couple author body only.,4,2022-02-02
TZz-92691,Lay,Bag decide newspaper cost food song field sister water goal cost newspaper well.,3,2022-11-14
mXW-33624,Out,Or especially expect keep information yeah.,3,2023-06-15
aKP-19164,Do,After coach religious husband before mouth discussion present kind.,3,2022-06-27
MSt-07236,Tv,Food these hot poor way hospital design read live special ten.,2,2020-06-26
aBi-38446,Campaign,After so prove good outside pick doctor.,5,2020-02-18
QYM-98527,Long,Throughout talk plan mind lawyer as why let green account.,4,2023-01-21
liO-23851,Defense,Born head expert newspaper race conference red because with involve create leader book.,5,2020-01-22
JBS-12855,Research,Difference sea director win idea blood garden majority.,3,2020-10-15
iQw-33190,Scientist,Unit whole consider collection as take each that floor south.,2,2021-09-08
vjo-17412,Current,Art age also ago popular produce.,1,2023-05-30
osn-11786,Authority,Name arm what audience discover first too artist.,3,2022-05-19
Dxi-79068,Receive,But top all source traditional over then baby study hold also piece Congress.,2,2022-06-23
Xby-01330,Article,Financial program watch agree low determine open kitchen choose fear.,2,2020-01-07
NLP-34926,Security,Soon foreign father exactly quite us full care.,2,2023-08-30
TXN-40331,Game,Itself loss let production accept act day market my chair.,3,2021-03-25
DxG-84163,Theory,Them term national take trial focus participant him nor different situation.,3,2021-05-17
idB-85454,Shake,Raise decide dream form serve subject sometimes have letter nor order though.,3,2022-10-11
RrS-38348,Mother,Standard accept new drive under Mrs agent imagine others put score.,5,2020-01-14
Urx-96228,Environmental,Minute difficult put another summer especially right put of.,2,2022-08-07
JEP-29703,Live,We pay current fear marriage always majority security knowledge ability.,1,2020-05-02
bvV-35894,Nearly,Feel floor administration choose may teacher thousand live always course peace.,1,2020-04-12
hMA-99161,Hour,Message this international law whose list rise drive speak example effect.,2,2021-06-24
QQN-65853,Leave,Boy product require various treat small.,3,2021-01-25
FYc-44892,Course,Science skill respond around might five else.,1,2022-01-17
RlD-70803,Someone,Drive pass open consider fact attorney type parent deal.,1,2021-04-19
dWR-90961,Bit,On form phone develop rise bed kind attorney.,3,2020-03-17
eiM-38091,Role,Spring natural practice provide pay own management shoulder.,1,2022-09-09
LHZ-72168,Doctor,Age scene nothing understand fish professional nature culture sea American life citizen free.,1,2022-01-07
Ftp-00114,Yeah,Leave contain nature head fall everything size practice economic great here size after American.,3,2023-05-28
GDq-72482,Western,You voice our never check its even boy agent everyone strong.,3,2023-11-03
eCD-22568,Second,Term Congress full option father just least.,4,2021-05-07
GBW-10326,Strategy,Drug popular community first before simple part behavior stay water while.,2,2020-07-09
RSu-50022,How,Heavy option enjoy improve glass believe network out alone season concern.,2,2022-02-20
Ckr-81355,Task,Area say within receive investment beat can firm usually note.,2,2023-02-13
MlF-68376,At,Election protect lose size opportunity box claim cost experience.,4,2020-12-30
Ilk-86119,Mind,Main player special wide write enough writer star activity name break.,4,2021-12-01
TWL-46409,Born,Someone box next society probably may generation drop.,2,2020-03-17
uXx-23141,Open,Control suddenly behind be could across fast true bad and sound if.,2,2023-05-04
rrz-32606,Why,Treat become onto thought medical history allow wonder base.,2,2022-09-13
ztC-03880,Enjoy,Election of agree local fund or read scene alone.,4,2021-10-19
dfA-93530,Both,Fly site before financial check prove move year wait old piece center factor.,4,2020-08-09
HgR-53831,Son,Very attention exist site economic down machine recently small the season small.,2,2023-03-21
OjL-60161,Imagine,Class you eat poor benefit herself strategy trial than.,4,2023-09-20
MZR-47475,Member,Happen player wear source hair cover certainly.,2,2021-12-21
pOa-81428,President,Pull official opportunity study light partner knowledge natural.,3,2021-09-25
Xbg-74435,Knowledge,Nature over same financial conference style time finally.,5,2022-10-15
Xto-29325,Behavior,Trial hair return level difficult force take account trip.,3,2021-07-02
PcJ-87233,Expert,Clearly cause site wide himself three full news around chance issue.,5,2023-07-28
CQA-54495,Heavy,Writer final thought heavy wear these.,5,2022-01-04
LFC-71293,Television,Blood television sell occur standard water remain.,4,2022-10-24
QtK-75050,Town,Animal actually Democrat protect without without involve movie.,4,2021-04-10
fwP-83208,Local,Season share edge available cut seven while bill very.,5,2020-02-13
gaz-76316,History,Natural as institution own experience natural newspaper look.,4,2020-01-22
Zcv-42001,Nearly,Long happy station federal high still call.,2,2020-02-08
oSG-76672,Pattern,Theory good moment grow determine five watch growth moment too air.,4,2021-04-02
AHB-38428,Myself,Human change red thing step might skill fund upon.,3,2023-08-12
sNv-67281,Choose,Us sing environmental all mean agency.,3,2023-07-18
oMh-00050,Also,Around information method reflect build also.,3,2020-10-15
yci-84961,Close,Or election consumer peace only threat we hold later southern effort likely course.,5,2022-05-12
wWD-76873,Toward,Step whatever number these entire church just include other candidate.,4,2022-04-11
ctT-19859,Task,System whatever step throw mother you learn enjoy soon hit station finish.,3,2021-04-09
qCc-08601,Because,Fear data ground wait water piece three relate administration gun factor man.,3,2022-06-22
anC-00356,Gas,Population now through push head medical back general one nor.,5,2023-11-14
Zfz-39246,Eight,Stage PM movie anything fine deal.,1,2022-12-03
nxj-40570,Of,Support partner join often everything the offer after tough science really leader.,2,2023-10-07
ohC-36156,Fly,Structure data western statement become remember ask left success responsibility hour drop.,1,2020-08-29
loV-86496,Later,Science itself almost interest total decide type class whole employee reality focus important.,4,2021-06-08
OLW-99602,Media,Determine meet think unit nearly federal sign picture treatment up.,1,2020-04-10
Nsm-70647,Party,Teacher many court name even particularly.,5,2021-02-25
qKx-05291,Thing,At last success enough coach speech court challenge enjoy organization summer body magazine.,5,2021-09-05
sbr-67180,Decision,Her charge until eat watch bank keep.,2,2023-11-14
JRB-75871,Consumer,There level natural doctor life benefit night end read cover among office.,1,2020-11-01
zpd-50079,World,Building building country admit film conference message green bed amount.,4,2022-05-17
UhW-89105,Company,Purpose trouble everything new throughout stock.,1,2023-05-29
akD-43881,From,Audience people position federal ground wind.,3,2022-02-02
vcQ-26244,Development,Short produce once development drop matter.,1,2023-02-07
kxb-02715,Plant,Generation work need issue left visit picture particular deal reduce second.,3,2023-01-09
bGP-11038,Ready,West professional affect collection leave him admit program meet official.,1,2022-08-07
AOi-23595,Pass,Republican entire end girl mouth bring much deal material arrive true to these.,4,2020-04-24
fZX-14841,Important,Religious standard woman dark treat television probably year more popular suggest officer.,4,2021-08-15
Xfa-14139,Identify,Cold thing city present dark what have world attack.,5,2022-09-22
FmB-17589,Little,Difficult not voice figure song worry program never remember determine become than.,3,2022-04-30
Knv-21536,Wife,Himself west so do financial one standard to.,4,2022-11-21
uOs-48203,Boy,Too serve piece smile north door goal wonder hour.,2,2022-10-21
rTd-17228,Here,Study already name activity avoid certain outside letter.,4,2022-10-30
Dzs-66787,Religious,Budget office production yeah region actually despite talk arm rate sense.,1,2020-01-31
PMq-37053,Subject,Enter exactly door turn play water every part kind.,4,2021-05-02
DdC-46275,Safe,Let development safe put also sister go economy we surface industry.,1,2021-02-08
fYl-95903,Benefit,Ahead democratic stand do share health organization in certain water street.,4,2022-06-25
JGl-86507,Me,President always serious any two think form personal bag.,5,2022-03-18
zGV-67552,Part,Music nearly drop space establish close eye personal.,3,2020-05-11
QAb-68410,Sure,Serious when thus tell end a various.,4,2020-05-05
YLX-05745,Floor,Sense above spend market concern small day bar office glass relationship deal mother.,5,2021-08-27
cYE-95364,Per,Participant animal TV level goal specific civil consumer produce including.,5,2023-10-08
Flw-81284,Represent,Time within break her perhaps lawyer financial firm together impact.,3,2020-11-04
vXF-08670,Year,College message board away power gun.,4,2020-01-21
pVP-53762,Story,Claim decision dinner day history decade realize free.,3,2022-05-19
KNF-93587,Half,Chance quality stop risk may fall.,4,2021-02-11
CiQ-17195,Play,Arm power accept against establish act church likely through large.,3,2022-11-25
yYq-26360,Chance,Production strong cold dark mother seem popular mind.,3,2021-08-21
dzz-06841,Next,Think network effort send network discover stuff.,2,2020-06-25
SVv-07693,Method,Reveal remain data once agent win wear energy wind although field population sit.,4,2020-11-13
ywr-23356,Modern,Matter ball establish you radio black imagine safe learn throughout.,2,2021-05-04
LHR-20810,Sense,Stock boy bag expert box already challenge television.,2,2021-12-23
byE-99170,Door,Party benefit often suddenly strong few she Mr past responsibility lead us.,3,2022-10-29
nJG-63074,Interesting,Their near mouth chair see western this art probably catch painting leave.,1,2020-06-17
zyC-42869,Hand,Fine reduce yeah pattern see race somebody.,5,2023-02-09
eMz-72358,Allow,Artist side a environmental future administration read.,3,2022-10-02
fEF-37953,Physical,Out none thing owner road push edge want claim.,4,2021-08-14
ImB-13875,Real,Anything arrive speech throughout weight indeed peace seek fall animal skill woman.,1,2021-09-03
Dsu-29572,Throw,Policy brother structure action win clearly born with.,4,2020-10-26
lJD-56374,Behind,Scientist visit figure project mother drop room ready Mr style debate.,5,2021-01-10
PVh-75230,Be,Career no everyone necessary thus bring sit town.,3,2022-07-04
Ksc-96991,The,Simple decade before particularly use per itself wish as I draw.,4,2022-12-23
Yeo-24678,Figure,Size last upon front around get society treat fear site.,5,2021-06-14
ANy-03643,Media,Show everybody wonder past she hair.,3,2022-03-16
cWi-52060,Foreign,Able deep young walk student old pay thought enough drug explain.,3,2020-05-02
BwQ-68915,Difference,Scientist bit himself look treat strong analysis save create knowledge good.,1,2022-07-28
pId-63862,Response,Window spend rate maybe such apply everything meeting friend.,3,2021-04-29
CVr-63724,Three,Cost total sister kitchen way son risk miss manager public.,5,2020-09-27
IiB-04164,Customer,Likely center detail could knowledge research bed operation.,3,2021-06-17
aTz-57890,Difficult,Catch our range country arrive surface often its assume himself room.,2,2020-12-31
MDX-38110,Science,Participant beyond skin talk partner director truth fill western.,4,2021-07-26
JJa-91034,Hospital,Room sea yeah girl economic fight draw serious gas.,2,2020-08-18
NiI-74707,Public,Money make just affect nor stock either leader financial spend hot.,1,2022-09-15
TrU-15857,Life,Last economic region many build continue help assume way future writer building.,2,2020-03-01
xpo-40713,You,Than medical million continue trouble set.,1,2020-11-06
qxj-27866,Effect,Reflect certainly may stage music rock might cause outside.,2,2020-08-10
ahF-00611,Vote,Direction important election include Mrs easy modern cause military truth even.,5,2023-01-26
JRX-71339,Get,Machine player industry admit effort table political.,1,2021-11-27
jTh-24241,Market,Back concern choice beautiful go wind before machine later task teacher middle.,2,2023-04-15
IRP-07495,Nice,Republican song cell challenge deal later civil use defense card start learn difference particular.,1,2022-05-27
lWC-71491,Recent,South spend central number development if food financial.,5,2021-05-10
dCZ-03128,Ready,Whom bed happy most appear hand.,3,2022-02-06
dDn-72176,Name,Or responsibility fund five inside line Congress author property detail few.,2,2022-10-22
HQr-44815,For,Region require item her sense citizen wonder between however lead school be media.,4,2023-11-16
lxe-69459,Budget,Reach international field memory experience present over knowledge.,4,2023-02-07
sTt-87532,Season,Source thought challenge its never finish travel task board.,2,2020-04-25
fmW-64842,Eye,Section several kid choice use customer increase establish.,5,2023-07-16
kPZ-19162,He,Open create mention customer spring necessary medical little.,4,2022-05-04
Jks-49757,Process,View certainly know new risk exist than.,5,2021-08-18
Wek-37450,Agent,That moment challenge decade help start behind.,2,2022-04-15
lOP-99383,According,Loss drop door operation both why start account language lead wish.,5,2023-01-16
zyy-45763,Red,Lose activity everything remain might nation would computer bag if will necessary benefit.,2,2020-12-28
pnJ-06020,So,Up than civil always hear mean people dream without.,3,2021-07-29
jqK-45760,Call,Player provide human miss interesting meet former hour poor great.,1,2022-01-12
YXT-94844,Call,Question change agent total Democrat one hard southern meeting.,2,2021-03-08
dPm-55232,Ground,Available child including way word less.,5,2020-03-19
Ido-04592,Probably,Month building three all process before gun low public within.,5,2021-12-08
WaJ-48020,History,Country stay side though writer carry huge along grow sport interview if their.,1,2022-07-30
Uuc-56499,Mention,Several answer cut rule sit summer live single model.,3,2020-04-29
cLa-62234,Language,Too much prepare enter site quickly help.,2,2020-10-16
NvX-05898,Increase,Ahead five us author turn find Democrat where experience owner case play.,2,2023-07-13
hFR-45671,Foot,Sort institution tough simply cell plant.,4,2021-11-15
RsF-84930,Attorney,Through easy strong past left clearly production.,3,2023-11-09
KRx-60061,Teach,Assume event whether out drop push.,1,2023-09-22
yLZ-26924,Treat,Institution agency produce true move action course respond direction change.,3,2020-11-12
zDH-67096,Need,Sound edge grow just piece point agree election prevent.,1,2020-09-18
qMr-13178,Face,Very where well rise across the.,5,2021-04-29
wpr-69326,Serious,Cup suffer history age mouth system magazine campaign meeting nothing station every.,4,2020-02-09
qHZ-10970,Three,Account get affect occur get either paper dog.,5,2022-06-14
uxt-31052,Feeling,Consumer theory remain clearly read property staff another detail now by.,4,2023-02-11
WUa-14778,Ready,Security reach since school usually food that north.,2,2021-06-02
VUm-17325,Along,Nature responsibility spring media threat begin water identify lawyer trade.,3,2020-01-31
YpW-06001,Election,Group in arrive before section group present.,2,2023-07-11
bgR-17992,Cost,Young key old baby east than west business then difficult town.,5,2020-01-20
ldw-43877,Section,Hold put bit for prepare court price cultural central exactly.,2,2023-10-18
lKx-88328,Situation,Key sometimes five east maybe site.,3,2021-07-07
Sga-33063,Dog,Occur us item few environment difficult figure sound age.,3,2020-04-14
suA-20999,Message,Catch center drug soon attention family dog put leave provide to be Mrs.,5,2021-06-21
jgk-85984,House,Analysis week study in care group large store growth which Mr cover.,1,2022-02-18
nQk-49233,Investment,Authority resource past lose tell claim support Republican television.,2,2022-07-01
jCj-99068,Low,Environment ago huge bag war program finally about apply development wait.,2,2020-10-07
CLY-35915,Cup,Serve better system exist charge space anyone.,4,2021-02-16
Tix-58908,Interview,Six art house end car teach painting become stand growth.,1,2023-09-08
MFd-39730,Down,Less within return figure prevent common view word example stop benefit.,3,2020-05-30
dRp-34260,Focus,According again mean especially individual each the evening compare politics yourself.,4,2023-11-20
TXR-00481,Meeting,Consider art book job one road difficult statement check.,2,2020-02-20
yem-63309,Computer,Let general grow north ready establish age million personal response often begin cell.,1,2022-09-18
MpW-84027,Should,Image few knowledge receive hard fear size this difficult.,2,2020-12-21
Oom-50594,Summer,Throw ten minute effort minute show fire.,5,2021-10-21
AfD-31969,Main,Bring mission little medical season pull.,3,2021-04-06
FAi-07306,Security,Than project almost explain phone glass policy test.,5,2023-10-17
FPC-63552,Air,Throughout left central explain soldier treatment.,3,2023-08-21
qIZ-75938,Beautiful,Claim actually very nature all street herself soon.,5,2023-11-01
wrS-29778,Pretty,Forward live really network or lose.,5,2021-08-11
frX-60316,Expect,Yet deal subject sign rich quality of.,3,2023-01-11
VsL-98562,Within,Answer nice bank far address statement indeed see region drop about.,4,2021-05-02
RmS-47200,Consumer,Establish with lawyer color executive doctor listen able ask.,4,2020-04-08
BTx-01687,Her,Follow else quite population wish yes family pull.,2,2023-05-29
THt-19908,Couple,Education day sort main hospital eight listen hot morning.,4,2020-05-30
Rcy-25532,Recent,Data dream mother throw serious land expect seat group quickly lay.,2,2022-09-28
OHw-48107,Help,Call plant process increase seek artist system deal staff general every.,3,2021-06-16
hcs-99970,Hear,Once doctor family ever help threat note measure.,3,2022-08-02
mgd-15865,Student,How red according message detail court daughter issue card since situation call.,5,2021-04-29
NDS-41021,Get,Author interesting tough pretty decide it.,1,2022-11-03
yoD-16671,Doctor,Series today hand body require campaign painting meet reach worker my soldier.,5,2022-09-22
nYT-51920,Ago,Board author state save receive to.,4,2021-08-18
fuS-89652,Thing,Describe score fill open push reach when least watch age sound.,5,2021-05-05
qkz-90924,Benefit,Grow compare school however tough clearly as firm quite.,1,2023-06-14
xZa-21224,Join,Trouble bag item fish including similar room international office run bring everybody.,1,2021-09-16
ZSm-59320,It,Simply want possible Mrs recognize Congress opportunity stand become of relate process purpose.,4,2022-05-15
iIa-37551,Stuff,Response executive participant great foot its sell.,1,2022-07-05
gbO-09776,Group,Human past keep sometimes film ago institution outside public international all police.,1,2020-06-26
MKg-09032,Stay,Finish to onto small west learn foot final dog why ball.,3,2023-11-15
DkZ-03194,Help,Soon international affect soon indeed people rock development kind physical computer price start.,5,2022-11-21
fcJ-53134,Pm,Five these budget research tax policy senior join around behind writer nothing official.,3,2021-04-10
Jgk-22526,Mind,Sometimes cold these even either as.,3,2023-08-15
mKH-21343,Last,Decide study listen produce notice would capital card such painting check guy.,1,2021-01-29
XjW-97398,Game,Industry idea class decade ahead serve body director stay give.,5,2022-01-22
iOQ-18702,Should,Hand sit spring maybe law method view case religious.,3,2021-11-07
Lgu-49307,Spend,Style mean century tough glass board we and note single Mrs thus trade.,3,2021-10-23
lKT-07462,Market,Change cold condition once music yet near agent write.,4,2020-06-24
CSJ-29395,Black,Use whole station large they worry company whatever former seat stage charge society.,1,2020-08-28
QXA-10785,See,About represent wall kid usually role response.,2,2023-03-01
fZt-29053,Serve,Set car evidence five whom or poor result article no unit.,4,2021-01-08
igS-20734,Executive,Million work few couple cut black above play star once away.,2,2023-09-06
Hrn-94810,Accept,Necessary ground us level dog respond character media.,5,2023-09-21
IIs-42266,Receive,West attack whole he street note color.,3,2020-11-07
qwD-92040,Position,Certainly attack president both movement yet ten.,2,2022-02-06
GoD-58324,Property,Option result face attention full up cost leave condition owner smile own.,5,2022-04-24
rPJ-21418,Could,Almost exactly determine opportunity themselves range sea perhaps tend series brother organization.,4,2020-05-09
EKh-18020,Show,Example coach decide doctor student figure institution both follow hundred.,3,2020-12-06
AbO-93708,Attack,Benefit under wear explain participant similar question purpose.,3,2022-04-08
gMP-71436,Try,Subject animal perform trip miss party usually mother.,5,2022-08-27
vqW-29676,Agreement,Black capital occur but guess near despite.,4,2020-06-20
VTS-68849,Wind,Indicate throw through everyone ago something I when.,5,2021-03-30
Dxm-96869,Evening,Small detail it material form stuff side.,1,2023-05-15
xkX-72101,He,While choose agreement finally difference early thousand toward wonder experience return whatever.,2,2023-07-06
IOC-05894,Office,Development forward only organization role oil although cup yet might.,4,2020-01-07
QWq-45503,For,Focus lot subject question concern tree social system series couple direction very billion.,1,2020-09-29
POE-25445,Try,Sense size group huge have we bar whom purpose film.,5,2022-06-22
tYX-92196,Even,History too establish hope bad me career.,5,2023-09-05
vpR-49131,Run,From resource Mrs later force cell work break middle floor just hear.,5,2021-01-05
cry-24059,Politics,Watch such service research something back front sound various drive lot culture do.,5,2020-06-09
quj-59329,Lay,Relate unit direction seat for season year order space away.,5,2022-04-04
EcT-07559,Century,Despite social amount fear choice shake citizen middle teacher chance test.,1,2022-08-24
XeW-12318,Dog,Recently issue maybe between like indeed recent factor buy.,2,2021-07-05
Hea-65557,Middle,Entire politics concern although dark lawyer along member yet.,3,2022-06-06
xxe-04290,Grow,Business half her enter gas audience response agreement foot responsibility Mrs.,4,2023-11-24
yhh-36251,Her,Management plan resource product rich already turn difference take movement.,1,2022-07-17
KeI-00040,Leg,Example minute school his spring plan risk.,1,2023-07-14
dHd-73152,Drive,Sound of weight apply star establish throughout continue paper.,2,2022-10-23
nXS-16910,Owner,Spring attention million allow rock certain sure role affect commercial adult.,3,2022-12-02
RzJ-13316,Us,Better them fund recognize officer lot.,3,2023-02-06
zSP-90210,Feel,Miss dream window role direction total necessary carry product these way inside.,3,2022-12-22
KYY-27221,Life,Doctor experience still wife among at direction action.,5,2020-05-31
nLT-54850,Human,Yes every strategy admit yes college.,4,2020-11-13
XtG-29293,Effort,Inside consider still open account really.,1,2020-02-01
upC-04856,Cup,Commercial scene fish gas marriage number thing let forward ago man lawyer never dog.,1,2023-09-21
exf-69231,Me,Moment word service ever thank organization rest father him risk.,4,2023-11-07
xUM-27471,Success,Produce ahead develop physical environmental painting south.,5,2021-03-17
nmP-85075,Federal,Tell religious respond song executive truth.,4,2022-07-05
PCM-83628,Action,Professional institution tax so security small hit long.,1,2022-09-05
Vey-10221,Assume,Treat fact air question perform hour too have effort such important.,1,2021-01-13
WKl-28569,Market,Reach rock including already third south people feel list.,2,2023-09-01
Yfd-99599,Guess,A interest few partner in agency development child too career million actually standard.,3,2022-11-15
ozB-60335,Country,Carry lawyer stand talk list fight natural west daughter land successful.,1,2022-06-13
OsQ-62908,Network,Born others purpose debate office leave let difficult evening social push some.,5,2020-06-09
XDp-20689,Nation,Treat million theory choose during clear world city wrong talk.,4,2022-01-06
dKD-99826,Sound,American member recognize crime unit eight year head use chair show.,2,2021-01-05
sFl-29067,You,Large style my daughter fight teacher partner for prepare will state.,1,2020-07-24
HDN-64258,Return,Animal part over upon speak cup popular protect Congress road hard pretty hundred.,3,2020-05-08
DoM-05688,Rest,Happen computer find here all need state team actually first kid easy free.,5,2021-09-04
mbj-56137,Sure,Life sure military act country agent direction travel benefit.,5,2020-02-05
Lkp-54404,Bed,Worker writer carry would husband instead.,4,2022-06-30
BpP-84374,Stop,Dream now manager near health blood test.,1,2022-11-10
AXH-82690,Type,Away fund guess believe soldier their issue what far somebody night decision business.,3,2021-01-23
LOD-24809,Summer,Remain fact sit left raise everybody will.,4,2020-04-16
jpq-75156,Short,Anything husband six coach answer magazine even central side case yes citizen last.,2,2022-11-08
AJJ-27277,Happen,War order institution yeah right it modern girl deal.,4,2021-12-03
ULK-17110,Feel,Democrat although player direction will available including month easy writer necessary magazine too.,2,2021-12-08
iWF-53423,Entire,Industry interview plant huge husband dream.,2,2021-02-02
lZL-67052,Example,Decide adult rock into choice low story whether.,2,2022-08-10
dyZ-78190,Spring,Down fund success company election onto choose such talk material east.,2,2020-01-11
Ynv-24593,Unit,Just usually spend this chair itself instead behavior may nice national best security.,4,2023-09-15
NjT-13800,Deep,Certainly make compare film easy each hope know yes conference who.,2,2020-10-06
JMS-19400,Future,Police yet man strong case assume.,4,2022-06-16
FYh-24346,Size,Than instead price improve Mr new.,3,2021-09-24
rVO-88560,Power,Town shoulder federal ask painting role play challenge eye magazine their.,3,2021-07-26
htD-35362,Rich,Push operation skin sound world quite.,2,2020-04-22
aVc-08308,Realize,Question dream leave remember standard security democratic including teacher night already as end.,2,2021-07-10
VQB-56575,Notice,Manager material perhaps company maintain common just strong follow friend.,3,2021-11-21
Yxd-85707,Politics,Environment it be fact long get major off cover participant most continue.,3,2022-03-04
vos-64096,Season,These baby detail main sing wish opportunity address simply difficult audience develop begin.,3,2020-09-06
ibS-81899,Never,Time game name measure down kitchen today amount treat although medical keep.,2,2023-09-03
wsY-00401,Town,Human early pull country church east coach his remain bed inside issue truth.,4,2022-09-24
ydM-36372,Knowledge,Within bed stock few believe night computer just.,2,2020-04-24
HQL-94585,House,Card form would though protect candidate the impact continue firm science miss.,1,2020-01-14
qTz-99373,Good,School however how for focus pull fine century yard life find stop Republican.,1,2021-08-20
Alp-36298,With,Perhaps believe care black probably thus you forward again about.,3,2020-08-09
ERe-56818,Pass,Several represent may very responsibility however beautiful record human program right.,5,2023-11-30
kGn-22194,May,Apply light state finally responsibility certain identify beyond.,4,2020-05-06
bHz-27534,Citizen,Character focus color study impact minute arm rather woman campaign specific.,5,2022-01-16
zMf-83429,Risk,Red yourself cell argue less manager price effort receive.,4,2022-09-03
Nnc-92313,Concern,Fast address head resource change those their such education study growth.,2,2023-03-07
tBC-76166,Suggest,Another pattern ahead represent recent hear establish hundred good wonder region.,3,2020-07-21
DVd-59072,Understand,However plan least computer investment job real world about dark me partner.,3,2022-12-24
gCR-21279,Attention,Away station present play too force old.,3,2021-04-19
BRu-09156,Result,Pass decade thousand community maybe trial hundred project eat end during course.,5,2020-08-12
OTL-48232,Step,News cold wonder must catch several couple.,4,2020-10-27
WBf-48941,Whose,Recent toward arrive rich chance number green accept especially cold.,1,2020-06-17
cca-98234,Positive,Technology discuss town appear hotel walk summer strong arm point opportunity maintain.,2,2023-01-23
aSc-99169,Account,How nothing feel interesting along player them newspaper table treatment view cover.,1,2021-03-05
FtT-64274,Instead,Fine best season list money everyone to turn evidence.,5,2023-05-04
iTM-76735,Save,Effort political pull animal fund market kitchen such treat.,1,2021-09-24
oMT-98107,Red,Data bring increase cause let local doctor now less.,1,2022-08-28
KHb-11207,Call,Skill raise those animal here positive film place but hundred.,2,2020-09-02
DCY-44893,Rule,Quality idea direction might than although speak cell.,2,2020-07-07
DSS-07749,Me,Relationship college step kid break long least test party scene success soon she.,4,2022-09-13
Rrm-61839,Part,Cause age show hundred evidence over often tell run finally.,1,2020-03-24
qro-26613,Enough,Suddenly me reflect prevent business question organization without model continue those.,2,2020-06-13
blw-72404,Environmental,Foreign decade find without art much amount.,5,2020-03-30
nHj-51930,Tell,Culture admit same member may by she nature.,3,2020-10-24
Uio-09347,Yet,Discuss very trouble around else detail condition loss answer red leader.,4,2022-04-23
kfP-31536,Or,Southern ok at difficult life bag worry both performance unit believe mean power.,3,2021-06-25
zVm-15820,Father,Mrs good mean stand night Mr visit statement.,3,2021-05-19
zjs-12697,Represent,Democrat my foot rock customer thank.,5,2021-06-30
GyE-99730,Difficult,Lead pretty fine put experience look exist impact positive billion.,4,2021-11-08
TBe-56710,Either,Who ask time network image class writer beyond.,1,2020-02-08
lcK-01425,Behind,Art heart leg teach voice test until for offer there try receive sister threat.,2,2021-09-07
CcE-41728,Despite,Follow somebody series raise much then idea commercial back part.,5,2020-12-20
xOP-60738,Effort,White citizen scientist job color item floor finally.,4,2020-12-30
UOo-31517,Significant,Become wait card still onto personal foreign truth phone.,3,2023-07-29
WEX-58169,Within,Practice wrong office analysis million voice add something score.,5,2023-08-31
iXB-82845,Certain,Into environment kitchen city word fear season.,4,2021-01-01
KAA-07348,Commercial,Seem mind letter page size analysis successful quite idea.,4,2023-04-08
QxP-61345,Structure,Rise chair need degree together bring style wall get heavy get college able.,1,2020-04-01
olI-10905,Yet,Story necessary fish rate store wait prepare.,1,2021-01-31
SOQ-41982,People,Evening forget watch place performance media prepare.,3,2021-07-09
dig-26269,Interesting,Third make other need management attorney question analysis medical dream.,4,2020-11-06
TSR-64986,Whom,Possible western cover debate campaign election idea case old production newspaper.,3,2022-03-05
vbt-29260,Allow,South final resource new factor candidate partner under cover city page population.,2,2020-02-10
qJT-84593,Response,Loss left arrive relate number especially part turn.,2,2021-05-31
ckU-77277,Little,Identify book every training once modern foreign question.,1,2023-05-22
mtS-93442,Imagine,Off effect keep staff college dinner blue talk.,5,2023-06-17
LuT-12199,Investment,South wall air but factor us against as find threat people service.,5,2023-09-26
ZSe-37619,Billion,Down operation eye data least bed bar son candidate budget brother.,1,2021-06-22
UPQ-16111,Be,Charge us design oil piece road surface career show live specific husband.,2,2023-05-10
qFP-86394,Now,Stock above lawyer fire nature region baby sense democratic draw.,2,2021-08-19
kwK-62000,Into,Goal hard defense one idea town director next tonight difference anything.,1,2022-10-09
ySo-18686,Town,Surface dog positive appear most seek use offer walk people eat deal radio.,2,2022-09-07
VLI-50943,Few,Language structure be item effect already.,5,2020-10-17
xtO-18121,Up,Eye none tax discussion election require.,1,2021-10-29
XcL-15565,West,Than which TV strategy occur society program Mr protect man cold imagine east court.,5,2020-03-02
eqv-68455,Sea,Degree pick cause chance middle blood weight everything carry off skin before material animal.,2,2023-02-07
ReR-79037,Mind,Message apply price many three growth full dark white want maintain work.,3,2022-04-14
PVm-43127,Half,Image art within hair team bit technology chair.,2,2023-02-24
nBO-00977,Throw,Top not senior two really benefit include listen represent media.,5,2020-02-07
gIG-29047,Director,Fire play before team either stop market court.,2,2022-03-14
CoH-01872,Myself,Thank reason catch help research measure share local painting.,5,2023-01-01
QQy-93702,Create,Man I day building walk quite agent today section color.,2,2022-05-10
xgW-39747,Sound,Skin meet about box top scientist to north of top executive.,5,2020-10-31
jYI-96124,Above,Mother heart strategy mouth leave probably person field three by player challenge group.,5,2022-10-02
IWq-48345,Time,Student model later easy member future well design able discussion discuss trip.,2,2021-12-10
lsi-18292,Training,Floor today yourself sort hear support deal there recognize us stay training answer protect.,1,2021-09-07
Tnl-52925,Level,Education rise expect pull task door house assume kid too challenge.,3,2020-04-27
mLA-20876,Economic,Name environment meet form budget finish gun drug they.,1,2021-06-07
Qci-12324,Blue,Son never recognize else rate cold standard subject stop speech evidence.,4,2023-04-24
XGz-73235,Buy,Turn very seek TV energy easy treat the gas resource state risk.,3,2022-09-25
jVm-75224,Financial,Rich nor control president rich might rise growth.,5,2022-05-08
zte-93975,Value,Enough recognize present mention condition money rich population now natural.,2,2023-09-29
BpA-70544,Service,Despite process small article turn similar her.,1,2020-07-24
mdL-59260,Lead,Town decade prove couple agreement discover view box truth.,3,2021-04-13
QDa-64704,Follow,Expert show will arrive company wear on leader difference thousand kind thing.,4,2020-02-21
HFG-68565,Always,Require although floor find message upon form account space.,3,2022-04-23
fNP-62264,Moment,Remain top middle measure claim then throw professor star deep.,4,2023-08-16
Mah-72605,Their,Her message level boy behind weight bit task rise save evidence.,1,2023-10-10
Rpa-84408,Should,And Democrat husband story agent other smile talk win movie.,2,2022-07-09
OVd-91478,Others,Our worry few lose challenge enjoy indeed read pick as remain history rate.,4,2020-11-27
AVJ-99086,Name,Indeed experience continue beyond girl foot early final push when rate.,3,2020-04-24
Yqz-01852,Administration,Major event leave improve rest age offer more fast staff five.,2,2023-07-15
vvV-23001,Former,North rather discuss some police husband another low nearly stay draw dream point.,5,2021-06-20
EHv-55611,Collection,Media ahead factor activity choice exist.,2,2021-08-12
yaP-64082,Main,Natural team it fund various son lose back state least visit health follow.,3,2020-02-21
NmF-99431,Focus,Though production in fish several alone.,5,2020-06-19
ljz-00273,Stay,Always current education professional light about law interview interest character start laugh.,3,2023-10-07
AgA-87372,All,Recent later charge suffer allow develop bar simple fly top watch company value because.,3,2021-12-10
qVE-11798,Suffer,Nation type may into project message they form eight high.,1,2021-10-28
gdF-45848,Keep,Yeah measure generation news fill store activity.,5,2021-06-14
NoF-37187,Herself,Hand remember all quickly exactly right east least guy class thought.,5,2020-07-09
NSU-24976,Floor,Class certain nice drive free small.,3,2020-08-06
QZj-18785,Product,National himself site someone politics too recently professor.,4,2020-12-01
IdD-25457,Traditional,Culture worry trade board night phone line heart sport suddenly somebody.,3,2023-05-03
cWt-52957,Hope,Reveal camera man manager only mention party all every camera control.,3,2021-05-01
ITX-48885,Major,Military indeed enjoy foreign central character player choose ever become.,1,2020-08-04
dCy-75913,Million,More hand painting member follow team sometimes describe indicate technology present visit play method.,5,2021-10-27
HZF-75231,Plant,Work wrong age language beautiful try power.,1,2023-05-20
xdz-69523,Go,Different support improve law run around finish peace leg seek miss response morning.,1,2020-09-16
Xfx-95774,Occur,Itself force cup easy point strategy.,4,2022-07-12
VFc-91628,Simple,Exist fall to technology case name could.,2,2023-01-18
PQl-87479,Ball,Fall human back study may I cold garden security hear important marriage yet.,1,2021-07-21
WYO-48712,Lawyer,Life seat whom ball cultural oil various.,5,2022-08-16
USR-07848,Lay,Already power appear her tax many.,5,2020-07-09
uJR-60173,Enough,Brother policy present past and win thing church mouth claim sure should.,5,2020-01-26
Duf-68711,Necessary,Type only general establish trade director to long trial.,5,2021-05-17
nee-37110,Center,Relationship hot leg food modern good require heavy loss deal trial describe line recent.,3,2021-06-21
bpF-24583,Today,Night smile idea though board second.,4,2021-12-12
hfY-36609,Power,Anything son opportunity ability machine nice read popular.,2,2022-11-07
rFn-74768,Military,Top require up service lay brother.,4,2021-09-20
fPD-81874,Remember,Street long him simple recognize fight reach clear.,1,2022-07-03
HxG-80157,Maintain,Level more process early professor development impact.,5,2023-01-21
ZeX-53680,Happy,Soon investment page course cell might exist child all nearly material win adult.,4,2023-02-27
inf-54388,Discuss,Peace hope cause color mission outside area bad special project itself top part.,1,2021-04-29
Dkd-72333,Population,Evidence event theory person policy effect of beautiful put.,5,2022-03-17
MUA-03337,Campaign,Standard include prepare there seat move way draw magazine represent.,4,2022-12-23
bqe-11916,Change,Contain tax quite spring already space have sit professor.,2,2022-08-31
fHn-32304,Magazine,Across network scientist where risk onto safe couple.,5,2021-12-09
kpq-15223,Environment,Defense dream spring number page man until region tough personal shoulder debate.,1,2022-11-02
yyD-43888,Success,Firm spring action your easy behind least modern history writer charge ten.,5,2021-07-14
uzf-70084,Own,Answer make window argue role piece score environmental.,2,2022-11-06
AoZ-16684,Focus,These possible carry south fund writer voice.,5,2020-11-16
SLG-29767,Interesting,Place beyond dark father house close true always push similar subject.,5,2023-02-01
jgd-12609,Unit,Church rule skin though page ask service score.,2,2021-02-01
yub-12030,Civil,Training particularly threat program despite change call government affect space.,2,2022-11-27
Ewi-25686,Wife,Yes or lay few though me ready energy.,5,2020-03-16
gyd-21343,Begin,News law provide movement gun whose technology.,2,2020-12-26
itu-33390,Draw,Score seem able inside mouth recently society actually according stand summer meet show.,4,2023-03-21
XfV-18588,Data,Certain itself coach final ten miss lead top everybody present allow.,5,2021-09-06
KUq-34007,Light,Remain message direction near community great a become general people.,1,2021-07-31
qNI-16310,Do,Nice table else exist argue sea region system.,2,2023-11-19
Efr-38921,Form,Thing smile different suffer future form reflect election actually price discussion tax likely.,4,2021-12-14
Ozl-75120,Person,World between per last ever interview especially finish baby.,1,2021-08-12
CTE-87444,Response,Of quite simple director outside threat Congress always growth write firm art more.,1,2022-04-22
cGV-41680,Son,Worry past bar enjoy his home economic strong safe day on.,1,2020-08-03
HSL-71597,Simply,Information campaign easy source street open.,2,2020-01-02
fFR-58952,Once,Place again specific degree every actually myself.,3,2023-05-19
ZdO-53388,Forget,Change whether current between Mr shake door onto new explain.,5,2022-07-04
rEV-90581,Role,Approach college where tell mention stage among.,4,2020-05-20
PFq-90010,Thank,Day figure commercial rock week everybody determine realize world together.,2,2022-03-29
Zri-96704,Without,Note who inside mother ever partner water stock chance front.,4,2022-08-25
kCV-66023,Might,Myself single break true name lay take me scene society figure.,2,2023-03-15
ezV-44341,Boy,Officer despite light I store along none lawyer trouble despite during attack.,5,2020-12-13
wya-33525,Minute,Family national machine society evidence second.,5,2021-03-16
Uah-59601,World,Social college responsibility push current back short.,1,2020-05-31
GMu-62536,Again,Nothing be great pick writer themselves example town.,2,2020-07-20
mmD-10102,Use,Sing newspaper dream indeed attack TV place east here successful staff.,1,2022-12-24
irI-61541,In,Music group final end operation protect.,1,2021-02-28
CAl-75292,Policy,Should rich animal single couple point against despite.,5,2022-12-06
fRJ-86581,Really,Of thus blood size side few.,4,2022-04-26
TiB-68677,Yeah,Student environmental inside pattern mean door before main.,1,2020-11-18
Rlm-71051,Room,Feeling consider still tax site another write per senior pattern down station.,1,2023-08-16
VeS-87608,Environmental,House value quite have serious white today.,5,2021-04-03
nfU-31260,Shoulder,Notice brother statement I discussion could.,3,2022-08-21
crG-08166,Firm,Work community public out ready describe ago.,5,2023-11-06
VDh-37909,Form,Few manage wear hospital fire bring.,5,2021-02-09
riU-40687,Center,Both result water position environment wonder several.,3,2020-07-18
kpZ-87901,Piece,No worry partner road instead environment social people.,1,2020-03-21
ENy-70005,Thank,Goal seat range and want plan treat finish.,1,2021-05-27
Ise-27465,Shake,Production cultural alone wind within whatever experience full.,3,2023-02-14
NbC-77730,Possible,Behind wind expert dark probably within never least western.,4,2021-05-25
YPJ-90961,Child,Cost wait whose travel leave attention loss trouble.,1,2021-06-23
fjB-77007,Data,Beat become everybody character imagine expect trip health.,5,2020-12-29
ipI-13566,Option,Produce at apply company PM your investment.,1,2023-09-16
xVb-79368,Quite,Increase decade prepare standard first one suddenly draw school exactly start situation.,4,2023-11-23
CXV-00750,Central,Kitchen fast yourself else sell call analysis about gas cut talk its course let.,4,2020-02-13
dtS-79254,Law,Down around hope including defense sister sound.,2,2021-08-27
pCY-31042,Have,Bag night join should kid hear decision reveal.,3,2023-06-19
Qfc-58680,Them,Discuss move fast system card stock others anyone successful.,4,2023-04-29
ytD-18051,Meeting,During partner art case others consumer after.,4,2020-08-09
RJr-04577,Realize,Would truth right meeting mouth hundred only.,1,2021-03-15
wRx-73229,Wait,Guess debate floor interesting approach question on lawyer skin.,1,2021-10-04
qAg-99334,Note,Serve including party growth father alone religious.,1,2020-04-09
Icn-05899,North,Administration they pretty bill anything sport no some from population.,4,2020-06-24
RPK-35892,Stuff,Learn wrong group easy past find but majority else line fly.,3,2023-03-26
cEX-83381,Seek,Again word speak senior hundred rock perform hit drive blood ball beyond.,5,2021-04-16
dki-77082,Least,Center consumer section say movie newspaper suggest deal significant.,4,2020-11-30
dZT-47112,History,World movie into issue production end I front concern.,5,2022-03-14
uCW-72745,Them,Enjoy write that system over standard anything analysis thought herself close.,2,2020-12-14
woA-41944,Must,Hospital growth once writer without field.,2,2021-06-09
deQ-86768,Process,Participant use beautiful care sometimes within product fly his husband base risk morning.,3,2023-02-25
cHL-10875,Half,Discuss history it who everyone blood people quality real of baby trial.,1,2020-05-23
NXD-00299,Computer,Usually baby current add card road impact company look when tonight appear.,2,2020-03-26
FVT-59092,Question,Institution save baby dinner stock know available consider wear support concern.,3,2021-10-31
sFI-16137,Seat,Need concern head to alone one into take where man worker law.,5,2022-07-11
mIS-75940,South,Sister project together best trip they factor notice system return ten.,3,2020-09-16
LSy-10347,It,Few from suffer nor mouth tough cover several next.,5,2020-05-01
Jlx-44382,Your,Itself she including wait leg who meet challenge majority.,2,2021-07-20
HYf-44163,Commercial,Sound present across theory within nation college huge stand analysis.,3,2020-10-26
xUl-65050,Spend,Bank theory cultural special record positive face thank city result.,1,2022-12-14
Grp-53838,Report,Positive some change and according away student network very mother along public.,4,2022-03-06
VdV-19757,Dark,Floor much one ten mean result.,2,2021-06-27
qXe-07601,Sign,Huge security myself event account little officer color perhaps effect leave form.,3,2021-12-02
dFj-84123,Cup,Rise PM result method outside property political low.,2,2022-05-04
hDD-69014,Usually,Decision role even wife store public skin smile job anything control education TV.,4,2022-02-11
bpg-25468,Four,Magazine as price especially serious within left approach.,2,2020-07-13
gnF-07124,Daughter,Cause experience so compare cultural usually list author not mind.,5,2020-10-24
EoB-89696,Pattern,Fear but management end very evidence green per its hundred concern box.,2,2022-02-13
JDL-38488,Research,Simple build skill yourself shake want live power beyond bit.,1,2022-10-05
Cef-80560,Him,Later make why both point president suggest forward.,3,2020-10-23
Fse-13556,Animal,Wait whom front try become surface sea certain owner.,2,2022-12-13
Jpo-21413,Same,Might feel whether far one thought.,5,2021-01-14
qoU-03907,Source,Capital employee not help nor call professional.,4,2022-07-18
IHT-22749,Memory,Democrat performance audience religious next force research end.,4,2023-03-17
UDm-12914,Color,Better against protect eight message degree stock radio still policy fight central resource.,2,2022-05-24
weY-95793,Apply,We worker relate meeting throughout apply heart seem recognize.,4,2020-09-30
eLr-93979,Also,Treatment station ago theory sign know help religious conference worker.,5,2021-10-07
yeP-16234,Loss,Value nothing during lose defense bar teacher or.,3,2021-01-29
UKl-69596,Believe,Certainly human base month yet small.,1,2020-12-05
mCY-16354,Form,Magazine charge budget attorney decision speak mission soldier.,4,2023-07-04
SFB-63923,Accept,Head seven west eight often night represent generation despite receive certainly daughter.,3,2020-02-10
dSB-90204,Determine,Institution participant course attorney tend great.,4,2021-08-17
aIx-14157,Cultural,Voice positive we source enough leg many entire century.,1,2023-09-03
WJw-59730,President,Drop history leave race garden raise possible number debate stay theory.,2,2021-02-21
Wrk-73646,Follow,Manager red director together one debate fight cause by enough line wall.,4,2022-12-08
cXd-79841,Out,Than would think own nearly make economic focus thus compare hand.,2,2021-02-25
oDq-86162,Protect,Trouble production involve opportunity sister food reality north listen family.,4,2022-09-12
Tlr-55835,Report,Population decide thousand education once me top theory factor stay ball call environmental.,4,2022-05-25
sil-65978,Rate,Soldier accept fear become collection ahead firm blood.,5,2022-01-02
PPh-21928,Good,Growth sit coach interest house majority out stop be how already agency free.,5,2022-05-01
ESS-80930,Cup,Front research appear part care arrive reflect minute.,4,2023-01-02
aCz-64348,Design,Race hundred common practice ahead ok next candidate build where stay onto base.,4,2022-02-19
JLS-43586,Others,Other night read according especially Mr first customer.,4,2022-05-03
Tla-10955,Accept,Hair good order piece president seek but usually later feeling food just really.,3,2021-03-16
IZp-66077,Fast,Although finish tonight blood lead president community now though check discover.,3,2021-05-30
hkE-17199,Open,Where which start only successful star instead standard rest loss whole six.,2,2022-09-17
Tbo-49560,Plant,Whether option moment include return far middle administration can them win walk.,2,2021-02-16
QVR-42311,Short,Why these go general consider cause training manage chance for through but authority.,3,2023-06-22
Awi-28231,Trouble,Key system special enter how candidate teach office performance allow.,2,2021-12-09
qgj-81710,American,Reality focus weight blood five when man third meet admit many spend movement.,1,2021-12-27
KKd-57320,Sport,Central wife officer positive choice much among become.,4,2022-12-09
JKl-84167,American,Speak pretty answer under particularly enjoy smile eat.,4,2022-02-09
iun-70938,Anything,Sometimes at prevent feel size individual eye civil huge meet think consider experience.,1,2021-09-16
PBc-91131,Less,Collection summer station necessary dark should give once because.,2,2021-02-01
XQE-62786,Treat,Soon use cut girl these with us than decade.,4,2023-02-01
lEH-96954,Pm,Sign mention artist sort sense yet require firm.,4,2020-02-17
Oay-73670,Stuff,Key left card quality course heart south poor sort success.,4,2021-02-05
YsM-30995,Foreign,Card little meet analysis at actually such order ok if national page stay.,3,2020-04-10
nWe-73185,When,Process but since serious particular final debate cold analysis.,4,2021-06-20
jzV-14578,Course,Foot image current make beyond drop.,1,2020-08-09
YTL-53354,Poor,Claim stop in world success move discuss author including sport lawyer certain night.,1,2020-12-28
Rhf-17911,Possible,How indeed despite thank image toward.,2,2020-09-28
jVx-63570,Page,Lose trip soldier ground sit choose cut.,3,2022-05-31
oxu-08143,Recent,Material most project once final these.,3,2023-03-16
NMY-64463,College,Determine focus stay school model serious machine letter item various.,5,2023-11-16
Ugs-33056,High,Fish hair story wife our five early better energy front how.,3,2023-11-28
PeV-72279,Two,Oil radio such set participant out store when reduce tonight firm.,3,2023-01-14
VMy-46546,Tax,Research necessary television arrive detail less behind from ask friend.,1,2020-02-06
pHc-79167,Rich,Role increase special state south big draw test.,1,2023-01-02
Zyo-96614,Catch,Fact hot inside scientist act reduce not grow former never Republican.,2,2021-05-17
FBq-39618,We,Arrive society change affect reduce present often lead start table section around.,1,2022-01-09
PPf-35146,Former,Agency cultural movement security certain season what often under standard.,2,2022-04-14
tUQ-19283,Shoulder,Test responsibility product piece common amount contain month admit become away skin better.,4,2023-08-11
agf-00490,Color,These turn occur write speak share office real cost.,4,2023-01-16
eOM-46719,Real,Site read manager may assume such act happen figure.,5,2023-03-21
cpR-55704,Late,But score must condition great than large movement movement cell strategy population.,2,2022-08-26
INX-09167,Because,Leader see hear loss might professor lose anything green middle easy.,4,2022-09-13
TEg-79667,Guess,Power artist room power education professional.,1,2020-08-26
hIF-26938,Weight,Least film commercial church business deep which beautiful interview season dog.,1,2020-07-02
GDu-42711,Nature,Myself figure center anything base toward possible none pass defense.,3,2022-08-22
TTb-19635,There,Majority step let staff meet oil easy.,4,2020-06-25
Rmi-38225,Common,Enough husband put understand major open these standard wait.,3,2022-09-18
OHz-66415,Operation,Subject when send story bar media organization statement wonder.,5,2023-10-17
XON-47809,Teacher,Director within sister participant son old good across movie attention season think better.,3,2020-11-14
vEw-73007,Wonder,Loss difference free help second yet leg especially fire recognize agency.,5,2023-10-01
VSU-53852,About,Where new truth plant upon arm.,2,2022-05-29
quT-55586,Arm,Majority evening than thought gas successful fire nice.,2,2020-09-06
RWo-78929,Watch,Generation quickly cause management blood control bank site thus daughter ahead space local.,4,2022-05-04
TDH-75927,Size,Material move trade development someone long full street.,3,2020-07-08
nKk-72813,Skin,Information home performance sport discover hot meeting just specific investment cold.,1,2023-02-17
dIj-14315,Half,Here word yeah box community material eat base his marriage million wait show.,4,2022-11-21
kvS-06164,Trade,Light marriage best media dinner bar mention final free.,3,2022-06-27
Uml-79704,Dog,Food under less morning focus moment.,3,2023-04-17
Pph-67323,Painting,Agent sit movie join more attack establish clearly stand than instead.,1,2023-06-15
BbO-62878,Continue,Rest yeah knowledge involve every sister bed purpose.,2,2022-02-08
EwW-28155,Same,Arm great oil voice past himself morning.,2,2023-03-11
Hlg-70390,Financial,Woman painting against democratic try thank trade cold thank focus.,5,2021-04-13
Gad-11376,Most,Professional husband statement debate type without compare traditional special brother husband should.,3,2021-03-06
rOm-33608,Write,Against guy imagine remember money voice marriage consider herself foreign defense sense fund.,3,2022-02-27
daO-07728,Reason,Avoid score look catch maybe space activity yard store.,3,2023-03-18
mod-23276,Yes,Bank face camera find trial administration.,3,2023-06-27
Gvi-32797,Help,Wear college sit evidence price than interesting which.,3,2023-07-20
InH-13800,Even,Wish outside project character create task listen better bring within security manage.,3,2020-08-23
Ryi-57259,Along,Happy point five within plan possible nearly.,3,2022-11-13
QAa-51251,How,Record hair western head act appear.,2,2023-08-13
qhn-71035,Reduce,General respond today current involve away his key.,4,2022-04-03
ewn-95116,Blue,Drug serious use surface air hear form store.,4,2021-02-19
YQt-42926,Year,Owner our item push remain require dark unit thought skin.,1,2022-11-21
vMD-73088,Former,Debate late attack couple work your.,2,2023-11-29
zos-22905,Test,Receive seem break ten treat including PM.,4,2021-10-09
yZm-80433,Local,Occur speak behind several share federal need similar long painting yeah last risk.,2,2021-11-09
tVp-68089,Simple,Recent head chair politics cultural minute order quite people evidence read seven generation.,3,2021-05-02
Wag-70897,According,Fish under bar down data particular grow ask both already yard stock card list.,5,2022-06-05
rAX-55532,Difficult,Power huge doctor amount less professor center.,2,2021-04-08
QRC-11288,Beat,Simply development foreign rich firm goal million indeed black.,5,2021-12-10
CzY-08343,Red,Space fight determine appear system because begin low food wish have whom.,3,2023-10-22
eZE-73885,Sign,Matter their prevent professional network design street attention against.,2,2022-12-19
NqO-42898,Information,Half brother million improve town which available report me whole.,5,2022-12-30
OvH-47289,Instead,How world stay respond final tend give should new drug ago.,2,2021-04-12
NrT-72480,Century,Stand part four street mission city event case coach glass standard hear must.,2,2023-10-14
LqL-31260,Case,Several as once bad early allow.,2,2022-08-19
yZz-09716,Again,Meeting herself turn my risk food build agree hear six.,5,2023-11-07
OtW-64930,Hand,Environmental fight card today degree thousand relationship move federal although.,1,2021-02-25
HsS-51608,Book,Defense economic rest option free control environmental court word.,1,2023-01-23
PRa-18877,Hold,Ago wear with manage win scientist remember.,5,2020-07-21
jlA-89674,Word,Under be identify task miss kid myself allow responsibility girl idea.,1,2023-04-02
fTR-35003,Wear,Themselves score long discuss rock my.,5,2020-02-21
PkP-09311,Already,Hundred job she man kid agent.,4,2023-03-11
ytc-88797,High,Kid article production artist floor evening career.,5,2021-07-15
WsC-65751,Sport,Research effect behavior table film pass.,2,2020-12-30
ypC-31241,Write,Whose oil result sometimes leader herself conference his floor full station allow tax.,2,2021-11-23
Sju-92719,How,Operation few various the commercial receive let minute source.,5,2021-08-15
VKT-64829,But,Language small lay left value system situation eye dog.,4,2023-09-28
BCp-58028,Stand,Soon organization best recently kitchen century rich tax bring.,5,2022-06-26
ndE-35991,Husband,News deep follow beyond moment great four model next.,1,2020-04-21
Wfs-12346,Among,Approach discover decision after lead however tell mouth data husband look small customer.,3,2023-01-06
yZP-28491,Language,Century dream quite reality order weight grow trip own arm game late term.,4,2021-07-06
xMd-60998,Second,Dream beyond agree agency hundred school under task success hold perhaps action now.,2,2020-12-23
zKA-40960,Result,Popular government international guy environment prepare.,3,2023-01-23
yPI-45131,Special,Western voice staff rest operation believe light church than similar.,5,2020-12-04
dKs-82258,Your,Suggest feeling second blood behavior place movie interview can enough.,1,2023-11-11
Pzy-41604,All,Wind across I later all while land.,1,2022-10-12
Ybj-65363,Analysis,Again west piece number take speech trade Congress.,5,2020-07-14
Caa-10437,Character,Certain tax firm space figure line system rich easy lose performance.,1,2021-11-18
xGT-13959,Everyone,Ground style quickly camera situation responsibility similar computer.,2,2022-05-21
Ayv-69677,Laugh,Movie reality Congress billion health take cover.,4,2021-10-29
tzi-68245,Executive,Official purpose rule none television half give.,5,2022-07-02
xVb-86311,Smile,Half state human in child necessary pressure free.,5,2023-05-29
xqT-56342,Go,Street laugh often writer look everything staff under man.,5,2021-02-08
Iod-67799,Season,Friend single fear compare certain those have water door necessary power.,3,2020-12-18
MXr-97364,Health,Face bar class energy effect deal.,3,2022-11-09
oIy-02450,Raise,Computer hard various these most build sister.,2,2020-11-28
Vin-62691,Staff,Thought subject vote live will medical report travel hotel.,2,2023-01-12
gjH-30598,Painting,Rather father believe candidate admit never.,4,2020-09-26
EOP-52042,Media,Watch care summer discuss case civil even address.,2,2023-10-22
Atj-46162,Book,Star growth tough avoid another increase rule identify charge doctor policy budget.,3,2022-05-23
Hac-38432,Last,Behind answer pressure sort necessary source prove near among too base walk.,4,2023-05-13
yfE-49469,Green,Enough claim leave movie push drug.,1,2023-11-29
owE-64943,Sea,Town bad happy admit back music total concern information by fight list.,3,2020-11-01
glb-09041,Expert,Money type provide painting goal ask baby rate.,3,2023-06-16
VAq-99225,Real,Education opportunity apply mother minute rock have.,3,2022-05-06
bpw-26098,Environment,Draw low stay bed remember add beautiful eye threat discover million family represent.,1,2023-09-24
nzB-70796,Strong,During tell behavior movement think level most soldier age color movie.,3,2021-02-14
iRV-86583,Where,Hit structure what interview such argue already decision.,2,2020-10-12
hXN-90066,Record,Yourself difficult first weight before sort special.,2,2020-10-31
Guy-97039,Method,Term may act maintain school into during loss.,4,2022-09-09
wZC-87801,Green,Important deal discover man cover institution herself truth in film like student.,5,2020-12-02
lfK-15564,Compare,Appear task feeling matter myself work guy wind.,2,2022-08-21
gyO-03020,It,Long science finally measure understand action share seven.,4,2022-07-07
taX-68979,Of,Under recent notice activity middle six piece dark.,5,2023-04-22
yna-69940,Amount,Modern sign song next instead we discover bad drive.,4,2021-12-25
Ttw-69766,Out,Building medical table safe tell voice bar clear today.,1,2022-02-01
CmI-83582,Particular,Protect forward risk support state skin bit.,1,2023-10-09
Pld-69154,Never,Spend several those nation evening ok want show.,4,2022-03-14
Npl-02276,Summer,Bill reason generation learn could strong decision try be strategy million across.,5,2022-03-28
HMb-04280,Hot,Write actually behavior probably model line social change safe accept bad old region.,2,2021-09-14
Mam-60380,Art,Long article add cup employee trial represent TV realize.,4,2020-02-18
dDN-79253,Gun,List room even machine Republican late able leave chair early hospital.,4,2021-02-17
NaY-65937,Task,Leg ask cause network right heavy many.,1,2021-01-15
eAZ-49854,Top,Small however a attack glass carry door everyone candidate.,1,2020-10-06
oog-01345,Your,Upon yourself plant do message very.,3,2021-07-22
xsm-67224,Mission,Country water seem as control reduce peace law wrong join plant leg.,3,2021-02-15
kUF-73553,Effect,Stuff century speech room alone himself environmental history sign power share.,1,2020-07-09
uCq-01648,Side,Upon team sort country speech rich director board range offer society.,1,2023-06-16
kkx-21714,Hard,Plan throw before chance professor because home not during result.,5,2023-09-09
jDr-18694,Well,Lead seek history place always claim image word southern treat.,1,2021-09-15
bpt-73933,Again,Though industry less skill bad white investment.,2,2020-12-05
tEO-01054,Key,Specific recent live suggest rather energy eye.,3,2023-10-13
wSf-60583,Career,Few travel visit special determine life rock.,4,2021-08-21
vZO-08395,Wonder,Week let above reason direction cover person across seat loss seem herself physical.,4,2020-02-24
cJQ-60440,It,Class style information remember once true fact author speak.,5,2021-08-26
lYz-50616,Specific,Return bag expect all treatment small money majority until cost cold where either.,2,2020-07-27
NGA-22336,Price,Million with free suggest finish throw.,5,2022-06-12
aLC-02299,A,Reason structure senior possible animal continue guess community you.,4,2020-08-24
ufQ-64112,Message,Lose because skill girl yard event.,4,2020-02-06
yzH-29223,Far,Agent once look shake huge way find big media former.,4,2020-04-26
lrG-47761,Enter,Kitchen him for require about way policy.,3,2020-08-03
TVt-66167,Plan,Suffer area care interview open both night consider rate.,1,2023-09-07
uWb-12312,Magazine,Among popular democratic poor phone Democrat try.,4,2023-07-14
tlx-06079,Listen,Defense girl it ahead myself outside walk easy main international front I toward.,5,2022-10-06
qKJ-37434,A,Western hair reality bad project pretty spring nearly window amount or.,3,2022-03-12
drG-76445,Interview,This effect arrive morning where including time suggest.,3,2021-10-08
uLV-85338,Peace,Network expect radio evidence central soldier assume future.,3,2023-04-28
rCC-02293,Hot,Race personal myself ahead note strategy hold subject budget.,5,2022-10-23
nLL-38679,Last,Sell develop sound almost city identify pass economy family player strategy beautiful.,4,2020-02-28
NuR-82406,Deep,Worry forward store site structure hair level fine him name our how.,2,2022-04-30
mXi-59973,Away,Represent there think market story happy less list realize everyone part between.,4,2020-03-13
dbO-19244,Event,Control now sense relate off outside sell pressure.,2,2020-04-04
vme-00349,Lose,Modern form walk find tough add dog military subject.,4,2022-06-14
yLZ-23100,Mean,Marriage happy me boy best result bill for cut party.,1,2020-06-19
vOI-62391,Wonder,Thank message six benefit back even never though happen my project agree.,2,2020-10-08
XTT-17430,Full,Finish agree nature improve student would whatever score specific prepare.,3,2021-03-01
UDN-97203,Today,Page the man group store process doctor mother more.,2,2022-08-04
LwT-03312,Answer,Collection coach contain white draw when both total environmental.,1,2021-10-20
SSY-57206,Authority,Finish work yes since affect analysis issue finish summer on role.,2,2022-01-14
yrt-23882,Month,Well level under try win born public six today.,5,2020-10-17
MBn-10879,Either,Character you leader draw whatever ground above indicate reason.,2,2020-01-27
wKm-50081,Reflect,Strategy most sign pretty good action force.,4,2023-08-08
uXv-64601,Build,Shake here office else establish economic per community attorney every.,1,2023-06-12
ncE-13612,Fine,Son standard school best both writer attack now enough.,3,2022-02-24
HIs-63017,Relationship,Movement fly fill argue me eat anyone artist produce among more rest PM.,5,2023-05-03
kEg-91214,Face,Sense total officer school wonder under special.,1,2021-09-30
nnH-69201,Half,Nice simply ten former shake large one.,5,2022-08-20
TtE-13461,Happen,New measure single plan health gun country floor all month.,4,2022-11-20
RFo-43217,Treatment,Institution huge recently how maybe president shake could nature.,5,2023-03-28
GbE-85060,Natural,Show hand short Mr represent finish commercial central nor firm system window.,2,2021-06-07
scV-86354,Notice,Night medical seem push story international unit better or state property.,3,2020-05-04
Nse-55145,Research,Control institution live must answer attorney response certain among sit story law positive.,2,2020-05-07
Nvs-12034,Center,Cover include drop and camera expect voice station.,5,2021-09-12
evp-06440,Truth,Artist process capital public three mind environmental pressure return.,1,2020-05-03
NMX-38676,Republican,Term worker oil age there bag economic radio could recent be pass.,1,2022-02-10
bOs-09976,Run,Power it entire here partner leader house choose face discuss art up.,2,2020-01-16
XMP-30809,Thank,Past white like data new generation draw.,4,2021-05-18
PFs-59576,Prevent,Yet case everything easy deal choice trade art cultural.,3,2021-02-06
PFF-75923,Though,Yes he top conference learn tree.,4,2020-03-27
WNA-50302,Important,Account idea TV floor source knowledge wrong throughout itself culture.,2,2021-10-20
cBs-62853,Walk,Account TV left arm pull loss low building fish identify.,5,2021-02-08
SeA-89244,Admit,Force drop rich teacher treat two writer senior would.,4,2021-01-18
gxl-10687,Take,Behind Mrs throw her finish dream quickly use free main fast daughter three.,4,2021-11-21
ScK-73750,Consider,Strategy born sing involve mean imagine itself majority.,2,2021-02-23
sFG-00825,Everybody,Set million try friend wind cover great development news.,1,2020-06-10
HTQ-93149,Carry,Family really soon include hope generation whose full far long word.,2,2021-06-25
fuz-65164,Beyond,Power wrong owner picture wife to.,5,2022-11-05
JQb-38344,Sport,Source sport focus control cold only option father happen arrive response apply kid very.,2,2022-05-03
cMj-85245,Cell,Own mind serious research all eye.,2,2023-09-08
sRg-44237,Thousand,Contain section establish another base almost husband.,4,2020-12-14
VOu-27643,Training,Kind miss over activity course bank goal.,3,2020-10-13
Hbm-98832,Now,Low teacher short difference ready western large.,5,2022-10-21
aXM-11592,Design,Election process soon sell short consider might know alone data dark to.,2,2022-10-09
szp-70505,Around,Politics determine it season economy place suggest garden exactly magazine public.,2,2020-12-02
Efn-77940,Bag,Member people defense suffer writer himself drop.,5,2020-05-12
TIA-25531,Ok,Clear street anyone turn entire soldier send there wife.,3,2022-04-09
Khb-46281,Season,Need draw need clearly help create protect share expert first measure effect audience.,2,2022-06-21
tCH-40509,Beat,Represent dark last second them fly often woman range happy page play in.,5,2021-10-25
Fbf-12195,Today,Speak woman visit various course interview others tax.,5,2023-07-19
gJR-69493,Population,Matter participant first couple bit painting prevent direction everybody create according.,4,2021-07-27
byl-60869,Plant,Expect decide will exactly contain despite professor person.,4,2022-04-22
vLy-87548,Half,Individual truth impact drop low pressure where time arrive.,1,2021-05-19
UnU-90422,Enjoy,Energy rather house run score mention our carry east successful decision son hotel.,2,2021-08-14
kGc-73026,Look,Person firm support street door throw.,1,2022-12-28
RTp-66743,Exist,Car science establish until whole notice image.,5,2021-12-20
MpD-74928,Determine,Agency nothing lay court box hotel focus theory care.,2,2023-08-04
riW-17681,Moment,Wrong also treat over assume front law.,1,2021-10-24
TTb-17781,Window,Above imagine hour off season sit director treat question local suggest key care.,1,2020-06-13
IWg-56959,Either,Party line read resource your question organization although chance.,1,2023-03-07
LsC-02808,Necessary,Most financial decide never recently prevent capital live street.,4,2023-01-20
KXM-84472,Child,Better majority fact seat born foreign business challenge size later.,4,2022-08-02
cCg-51918,Across,Senior less whom wide protect institution half.,4,2021-06-29
SVz-60070,Stuff,Style much model site past area firm writer arm game turn sea common.,1,2023-11-24
IPt-34112,Whatever,Doctor line strong whom wind around control responsibility now news modern stand program management.,3,2023-08-03
zTD-59849,Popular,Arm everyone discuss others since movie region on popular.,4,2023-10-09
oTb-43757,She,Hit business stuff plant thank finish significant might.,2,2023-04-03
Bue-65266,Key,Computer can rest outside avoid significant world far knowledge likely live laugh.,4,2023-09-29
TGb-25121,Sell,Eye heart address skin finally who miss popular look maintain agent Congress discuss.,1,2021-05-19
Cqa-22083,Quite,Billion everyone student care watch director should believe.,5,2022-02-23
RrN-27390,Could,Miss contain economic prove really scene professor top memory stop management his.,3,2021-08-30
jZa-56679,Financial,Tell very more war wait age buy security bag raise role.,5,2022-07-17
msj-56181,Direction,Me than budget someone professor girl campaign moment create season charge evening wife.,2,2023-06-15
UFn-04945,Purpose,Power including design not human protect station trouble board scene.,5,2022-07-29
bki-42074,Often,Movement soldier seven structure morning suddenly explain few.,5,2022-11-12
yuW-54027,Court,Air become stage toward defense good else whatever national.,2,2023-06-14
Lve-94197,Field,Hold own military others business never.,2,2020-01-17
zJg-33734,Your,Oil song than evidence chair before tend gun for.,5,2020-11-15
QRh-55358,Word,Design film machine true amount star picture billion impact.,4,2021-11-04
UhE-78207,Whole,Newspaper public majority term part audience offer believe stage share.,1,2022-01-11
Nqh-95357,Value,Away class three quite game per age information first bar glass.,3,2023-01-03
Dde-57193,Apply,Write claim decision third since management watch far moment view husband.,4,2023-03-21
vSx-59592,Price,Less decide purpose believe thing lose impact parent.,2,2021-10-22
qHL-90479,Model,Light seven type you institution explain center environmental.,4,2022-10-09
wCk-05030,Mention,Break somebody among ahead teacher it shoulder wind million expect gas.,5,2022-11-15
kOj-24200,Newspaper,Religious tree close hard home defense at because need.,3,2023-11-03
imh-19237,Nor,Professional attention apply church able home eye data six none man.,3,2022-08-08
PVV-38289,Deep,Bit station skin especially hotel spend wrong scientist box financial reveal.,4,2020-11-06
yWp-84540,Speak,Serve decision computer may pick begin memory community.,2,2021-06-11
VrR-38069,Nor,Me mean share health strategy security increase behavior whatever wear.,3,2022-01-04
FTp-49366,So,Hand participant wind thought magazine similar.,3,2020-02-06
NeN-04731,Teacher,Full detail Republican line hotel design.,4,2021-03-30
Uan-50334,Painting,Trip spring treat structure stage up during television.,5,2020-05-10
ehl-99245,Anyone,Class employee get hit husband arm show her.,1,2023-03-06
mWP-64173,Painting,Half can adult remember affect another able during health ten themselves easy.,1,2021-07-07
Yue-13576,Over,Quickly person recent need reflect give finally.,5,2022-01-17
NSN-26040,Term,Build music at painting minute real mission available throw wife.,3,2021-06-07
hRG-37715,Without,Sing join main personal you memory.,5,2020-10-29
WyD-69628,Girl,Institution write third success note score garden charge score man head she.,4,2023-02-28
zRy-20013,Lot,Gas whatever TV career this level recently room technology teach hundred.,3,2021-03-31
obv-55361,Instead,Relate be bed would decide wall try rather spend drug interesting.,3,2022-10-08
ZKe-20076,Wife,West entire social build project seat black positive.,1,2020-03-01
rpI-75936,Purpose,Our morning fall ago significant civil life himself story.,4,2021-10-10
ZJe-30646,Ground,Wind almost person record main eight probably face.,2,2020-10-08
IIH-37561,Determine,Republican answer increase song north not sign particular federal black data not.,2,2021-07-10
imi-50721,Our,Goal nothing court catch democratic deep each go majority.,5,2021-06-27
pex-41184,Full,Area notice result year million outside several guess wrong.,5,2023-06-21
jJM-55997,Add,Suffer war note somebody only college if always into.,2,2023-07-14
VXR-24376,Wonder,Daughter less themselves ground consider carry anything cover.,3,2021-06-07
ZXR-35654,Street,Region station table student exactly project.,1,2022-03-25
OxX-88962,Information,Here smile trouble focus quickly live.,2,2023-07-18
dUS-30799,Way,Order police make investment analysis nice accept ready add win.,1,2023-09-16
Mma-12790,Product,Weight lose will food project require take.,4,2021-10-11
JlX-73330,Course,Scientist news for property about serious.,2,2021-09-28
AhW-42116,Vote,Who read safe affect number agency perhaps.,1,2023-04-03
Pwn-89886,Many,Indeed should mention approach almost pretty between generation civil not officer.,5,2021-06-26
qmw-18003,Young,Hit action small year check read.,4,2022-06-09
lGp-71849,Resource,Strong red begin heart everyone eye box floor popular hair also.,5,2023-06-05
riK-35200,Free,Worker particular threat cell course need conference wife some job.,4,2021-10-20
WQE-76673,Over,Position his keep cell east notice road store.,5,2021-10-12
Qwd-95741,Still,Growth least heavy radio cup cold.,2,2023-02-05
mFm-07244,Picture,Production as something PM chair available heavy standard million suggest.,3,2023-02-11
TOu-79307,Also,Need available full baby maintain recently ground play rest treatment play rise public throughout.,1,2022-09-06
wSs-73543,Program,Central goal individual face cause pick state they itself develop.,2,2020-03-02
NWw-37055,Near,Task off stand arrive way analysis career including baby.,4,2022-03-12
oKH-28851,Debate,Light act worker eat safe catch read physical amount seven bad.,3,2020-01-20
djB-69337,Certainly,Practice not affect writer resource practice decide even already hair film bag yourself.,4,2021-12-02
oeW-11861,Recent,Hour though catch rate contain third quickly good trouble.,3,2023-09-15
Zsa-18751,My,Name tree create four strong him.,5,2021-11-27
USf-65530,Standard,Management sound each push do born sit can mouth effect our.,2,2021-10-13
fSC-08558,Prepare,Fact spring fish anything computer painting type home system understand one.,4,2022-07-28
ZYZ-56555,Join,Door star life customer turn him those pay employee strong mind.,5,2020-05-22
WwD-63430,Rule,Enough dinner own eye performance area direction serious fish.,2,2020-11-21
WxV-23459,Rise,Name able physical vote join person significant goal first report.,2,2021-02-07
kOI-58524,Enter,Look sure surface keep if adult economic.,3,2022-04-04
TIf-74087,Quickly,Personal those through scientist civil very since everybody nature despite computer head music.,1,2021-11-13
kEe-32521,Suddenly,Finally interview say company development girl who office social.,2,2022-11-24
wmN-39574,Theory,Law Congress far cause TV move.,4,2021-10-11
elW-83542,Month,House nice the strategy director herself moment various feel.,2,2021-01-08
ngP-81017,Much,Add Republican attention somebody all pull cold rest land different try.,5,2021-12-01
tWD-07225,Step,Focus later teacher pattern American one kind never high.,5,2020-10-23
pcU-20272,Example,People body indicate process miss bar clear cut treat attack pressure.,4,2022-11-15
sDN-02360,Understand,Right approach participant better worry firm whom indicate million new.,5,2021-01-03
ddU-69240,Use,Mean religious assume table pay above main.,1,2023-07-23
sbl-43903,Garden,Draw break director Democrat like draw dog until agreement seek.,4,2021-06-15
PUv-63202,Only,With door exist subject follow good.,5,2020-06-12
qyJ-26979,Lawyer,Sport however along defense attention nearly us local thank wish skin according program.,3,2022-03-06
LXY-90104,Reason,Good officer activity dark week material door system must table.,5,2022-09-19
aMz-83928,Position,Instead our data maintain receive he let book girl.,5,2020-12-11
TXx-48496,Guy,Congress voice approach either first call argue it lot.,4,2021-02-15
MaI-15028,Much,High air hospital consider girl instead before buy stock Mr necessary production article.,1,2022-10-20
DPc-46728,Reflect,Capital within toward himself community fire entire.,2,2023-11-21
Nzk-56513,Huge,Whose you nature standard message represent glass how main class effort.,2,2022-02-01
fJG-33614,Allow,Claim where result final American environmental accept protect art boy machine.,1,2020-09-21
bth-19951,Government,Eat least professional ask about big prepare however image message.,4,2023-04-11
AEy-77372,Public,Herself itself ball professional success create require inside north lawyer.,4,2021-09-17
Ahc-90467,Member,What develop energy lead certain mission range professor cultural reflect state.,3,2021-05-09
qZy-09071,Recent,Result left subject add boy together possible effort maintain first decision seat.,4,2021-07-26
Smn-71144,Morning,Military lot suffer life community fund great mind where several game performance claim general.,2,2022-01-02
UUJ-82083,Big,Knowledge get state plant cover himself fill Republican still.,5,2020-03-03
VZo-97764,Worker,Growth rate voice probably economic vote learn memory owner.,5,2020-02-04
phb-88237,Left,Strategy black risk yes eight really.,3,2023-07-19
Blv-84897,These,Learn painting provide us season arrive early view.,4,2022-10-26
NxX-18276,Significant,Environment company year financial kid also from activity home identify Democrat.,4,2021-04-15
fQE-72177,Then,None in member rate radio note cut let.,3,2021-01-01
TMR-21402,See,Especially head drive kid scientist well attorney now star police writer pick.,3,2022-02-21
ecO-36482,Thus,Worry official produce foot yard sound in account on room generation commercial.,2,2021-01-27
TkI-02527,Sister,Represent wait put leg argue fill military make.,1,2021-12-23
cfn-76328,Certainly,Identify rise teacher rich think mouth never person eat investment month.,5,2023-04-24
fJM-21349,Majority,Memory rather type per something board rather notice certain ready three hair without.,5,2020-03-10
LUl-21273,Public,Trade team word note major compare thousand agent write how yourself cover.,2,2020-06-05
xkN-16949,Prevent,How beyond edge edge section size certain fill.,4,2021-03-22
NAS-09862,Computer,Hot want note foreign shake rather near single choice bit word body.,4,2022-07-14
oMr-91040,Water,Pay current scene drop world music push activity us thing will six some.,5,2023-04-24
pxb-87215,Hospital,Meet understand possible yes such fact very look him.,2,2021-08-08
Vqs-24693,Federal,Direction trade much name want once ability culture.,1,2020-06-01
LpV-28880,View,General north character seven bit leg series ready three just interesting.,5,2023-05-27
hHs-39407,Her,Industry number while result lawyer play serve pull item practice significant movement.,2,2022-09-14
XjY-09069,Type,Identify face firm operation throw successful although threat base plant experience degree.,2,2023-08-11
yEt-18792,Company,International person type senior almost success range wide clear help arm deal medical.,5,2020-06-29
kgw-44975,Seem,Daughter option figure show well heart.,3,2021-08-03
HRe-71352,More,Develop we whole sing sign mother difficult mind effort turn owner understand.,3,2021-10-29
yde-25159,Week,Him expect range young mouth those especially effect one station.,2,2022-08-16
seM-81487,Site,Smile event into final against type really see both base set garden.,5,2021-04-27
LoK-32946,These,Poor present enter reduce defense study art.,5,2022-09-15
ivc-57001,Window,Little forward cost truth floor show.,4,2020-03-23
LNB-25770,Tonight,Southern expert actually week he price nor environment hotel no future claim.,5,2022-12-18
Tcv-69708,Down,Miss entire including new street fish maybe go box seat.,4,2022-10-10
pDH-71380,Pressure,Old whom every teach finally industry need.,5,2021-09-05
Ppd-24861,Name,Material college quickly drop night whatever interest have not.,1,2020-08-17
GBM-65671,Either,Save include movie to style author matter best.,5,2021-04-22
Xuc-32334,Wide,Forget develop case region then center not class should indicate play imagine.,5,2022-07-05
Use-06421,Section,Size accept hold space realize responsibility picture song trip.,4,2022-05-03
HRT-81550,Form,Nothing allow cause event responsibility trade foot college say performance institution he.,1,2022-08-31
kqD-84680,Happen,Themselves feeling tell newspaper second song next artist peace many fall.,4,2021-04-20
eta-63509,When,Rule challenge war believe various piece program close.,2,2020-08-28
UfH-59308,Suggest,South instead career growth amount unit movement how study state.,2,2022-07-23
tAM-16674,Tax,Sea sing expect shake visit time should moment.,1,2022-01-05
qvl-20678,Pay,Response former song energy off summer each black authority room network front discussion.,2,2021-06-07
wxS-26572,Happy,Thus rich buy live front lot senior probably.,3,2021-05-06
xwa-14334,Year,Note foot now north face make television owner minute gun.,5,2023-06-21
CSK-53583,Hit,Avoid director quickly he nice perform particular eat degree authority.,2,2022-05-13
GoE-01574,Various,Money development today politics discuss discover protect.,5,2023-08-05
rmb-65094,Lot,Number among ground born mention wonder executive kind buy dinner room city.,4,2021-02-02
auk-80898,Work,Whole game development big travel perform probably.,1,2020-12-01
sYV-72196,Challenge,Do step close know threat research base.,5,2023-07-14
LXk-73823,Pay,Later shoulder either which record bad expert question.,2,2020-07-16
ChJ-41781,Law,Majority system many able day window various time raise across.,3,2020-01-29
iNK-42618,Area,Cup determine see responsibility role knowledge.,5,2022-10-19
JdL-94350,While,Key few receive improve in owner would structure push carry but quickly.,2,2022-04-12
Ldf-07558,Sure,Campaign certain never international meeting once do.,4,2022-02-13
iWj-98373,Huge,Hard evening decade husband deal three go development threat high body.,1,2023-08-15
Afh-15476,Mouth,Drive claim current whether hair sense blue hundred.,5,2022-05-24
BxJ-26429,War,Newspaper network score station service everybody because consumer fight tax language just camera.,3,2022-12-26
lyi-13433,Style,Mention quality police maintain page after.,3,2021-06-30
bXe-84948,Rock,Factor exactly side subject common effort edge prevent car education ball.,3,2020-02-24
Baf-85473,Ready,Weight return decide claim ready it prove yourself could sound in.,2,2022-01-31
SBc-57750,That,Region responsibility draw finish huge impact.,1,2023-01-26
YYK-21296,Kid,Development behavior us eat campaign capital professor.,5,2020-07-08
muN-36277,Hear,Pattern successful gas goal later I almost owner wife expect their laugh still.,5,2020-02-14
bpw-58056,Than,Carry some sign often various main reveal movement.,3,2023-05-26
ATt-86524,End,Garden reason seek physical worker your.,5,2021-05-16
LvN-30286,Call,Go call couple forget truth change tend food wonder third site meet.,4,2023-01-28
Gre-89149,Describe,History can season color development side nearly guy yes social machine.,3,2021-02-10
ERo-08050,Ago,Face term site seven attack action total arm start alone matter.,5,2022-11-10
OKV-64052,Sea,Send clear sit too television candidate dog clearly tree operation ago traditional trouble.,3,2020-03-17
GhV-89274,Through,Shoulder film purpose president to show federal.,1,2022-12-14
GsN-96059,Opportunity,Point event little program middle factor friend job partner.,1,2022-09-05
HQs-65769,Energy,Cover blue season dog them wife town.,3,2020-11-29
Ihv-61246,Put,Start voice above parent because cup consumer anything his fly will break room.,1,2020-04-19
nqh-20002,Rule,Debate test admit may forget hour design travel government executive.,5,2023-05-05
kQm-88140,Challenge,We event group kid voice off cut report per.,1,2020-01-30
wAT-17088,Position,Four mention lead particular join finish.,4,2022-02-18
AXt-59710,Today,Upon stop fire fly he magazine right try health.,1,2021-03-17
WWd-94507,Here,Involve keep surface even crime him trial.,4,2020-12-16
ctt-05582,Lawyer,President carry local chair after mouth born identify something.,1,2022-10-23
cTT-12081,Majority,Purpose blue nor inside media into what.,2,2023-07-02
FXI-67516,Allow,Determine break very total office true music north really owner sister sign.,1,2020-05-29
xoU-81465,Seem,Fill moment water natural situation feel everyone radio.,2,2023-01-13
RTO-50847,Foreign,Thousand beyond order rich attention data situation just care religious under keep take.,3,2022-07-28
ncD-10191,Many,Beyond American push clearly war history from assume house information few control total ok.,5,2021-10-22
wul-00453,Party,Understand image discover fish heart executive.,3,2023-11-18
zGv-07971,Activity,Go fish book someone consumer try ability operation majority medical.,2,2020-10-24
RVq-32096,Alone,Whole thing nearly this history necessary knowledge strategy safe use now.,2,2020-12-23
kUL-13749,Yourself,Defense discover ability none production size.,4,2022-04-24
cOV-00634,Seat,Possible group daughter president say turn sort vote member short common.,5,2023-08-16
cEU-97911,Politics,Artist claim most new cause finish notice.,3,2023-08-30
VcN-09558,Boy,Production similar indeed quickly democratic night easy else rest to.,2,2022-12-16
Gon-69664,Employee,Bit court increase ten budget then former cold political product defense building generation.,5,2020-04-24
IaY-90251,Whom,Mean war often order lead number issue air enjoy almost sometimes probably yeah.,5,2021-05-26
ylL-84129,Response,Less someone thing fact store official staff.,3,2020-11-08
DAU-54280,Vote,Game our gas present short easy your create social top mouth be begin.,2,2020-06-01
pQc-37627,Music,Then sign challenge skill study others early particularly out.,4,2021-06-02
Xgt-10824,Mention,Say candidate former senior area image drive offer leave cut apply.,4,2023-06-13
ukw-59533,Less,Foreign trial over check speech us PM.,2,2022-07-04
oPq-12443,Responsibility,Bed case read range represent practice.,5,2023-09-06
gBu-99248,Thought,Receive often safe hair sit cover official child garden receive change service tonight.,5,2021-05-10
kly-97247,Body,Five quality strong together that it up help south rich officer.,1,2020-05-06
DHt-95443,Century,Church likely marriage us real wife us month professor sense.,3,2020-12-03
rxP-64150,North,Week leave its speak method read when.,1,2020-08-01
Ykp-59207,Character,Join test culture the position she game deep only industry decide against property.,4,2023-07-13
xWX-52217,Goal,Bad rock Democrat time little choose oil.,5,2021-01-24
hWS-10640,Former,Authority turn opportunity five decide rest civil imagine specific see.,4,2021-12-21
WXG-37934,Couple,Ahead woman truth lead story more strategy land.,3,2022-01-20
wwx-37472,Military,Performance first sure blue within former move ago subject cell discover brother exactly.,3,2022-11-01
PWT-93231,One,Attorney dog focus reflect wrong use technology level safe past total record PM.,1,2022-04-06
kvg-14043,Doctor,Play city think fly detail edge seem also account after truth.,4,2020-06-25
NBZ-11147,Effect,Back take camera newspaper look direction word economy security.,3,2021-09-11
